id,predicted
0,29
1,4
2,18
3,18
4,30
5,17
6,60
7,18
8,25
9,48
10,9
11,7
12,44
13,27
14,23
15,1
16,20
17,33
18,1
19,11
20,14
21,13
22,5
23,21
24,84
25,41
26,46
27,15
28,22
29,6
30,9
31,17
32,42
33,5
34,46
35,16
36,32
37,18
38,11
39,16
40,13
41,20
42,109
43,11
44,8
45,10
46,22
47,18
48,55
49,21
50,25
51,38
52,39
53,62
54,5
55,67
56,33
57,1
58,15
59,5
60,24
61,21
62,15
63,100
64,16
65,58
66,156
67,7
68,31
69,54
70,35
71,78
72,214
73,5
74,34
75,50
76,1
77,2
78,37
79,28
80,11
81,29
82,15
83,1
84,2
85,18
86,69
87,69
88,43
89,18
90,26
91,308
92,10
93,33
94,16
95,30
96,6
97,9
98,24
99,7
100,6
101,26
102,24
103,1
104,47
105,43
106,25
107,1
108,38
109,22
110,22
111,8
112,43
113,9
114,26
115,1
116,11
117,4
118,23
119,10
120,16
121,29
122,18
123,55
124,6
125,5
126,19
127,9
128,40
129,32
130,22
131,14
132,13
133,48
134,24
135,16
136,7
137,9
138,30
139,14
140,12
141,10
142,25
143,1
144,19
145,44
146,34
147,17
148,7
149,21
150,1
151,12
152,10
153,24
154,161
155,10
156,13
157,49
158,17
159,34
160,17
161,9
162,12
163,28
164,9
165,25
166,30
167,28
168,94
169,1
170,19
171,11
172,19
173,133
174,5
175,11
176,5
177,1
178,63
179,1
180,11
181,86
182,103
183,15
184,7
185,22
186,12
187,5
188,57
189,11
190,20
191,11
192,11
193,5
194,46
195,38
196,20
197,34
198,16
199,16
200,10
201,23
202,2
203,63
204,1
205,36
206,17
207,59
208,144
209,26
210,10
211,22
212,39
213,21
214,33
215,10
216,110
217,66
218,1
219,12
220,46
221,22
222,16
223,3
224,35
225,26
226,15
227,16
228,1
229,3
230,2
231,19
232,30
233,31
234,5
235,8
236,12
237,11
238,34
239,15
240,8
241,12
242,2
243,10
244,52
245,31
246,8
247,8
248,15
249,23
250,5
251,9
252,57
253,107
254,33
255,23
256,12
257,67
258,17
259,16
260,8
261,23
262,41
263,33
264,1
265,16
266,25
267,45
268,20
269,26
270,65
271,1
272,92
273,75
274,30
275,69
276,29
277,4
278,40
279,56
280,10
281,31
282,39
283,59
284,24
285,13
286,6
287,15
288,77
289,28
290,36
291,104
292,10
293,9
294,20
295,22
296,34
297,18
298,1
299,20
300,121
301,22
302,29
303,1
304,22
305,33
306,16
307,19
308,26
309,9
310,32
311,33
312,12
313,2
314,22
315,25
316,4
317,26
318,1
319,25
320,1
321,5
322,2
323,18
324,36
325,15
326,20
327,32
328,31
329,51
330,16
331,8
332,57
333,6
334,13
335,8
336,20
337,35
338,5
339,6
340,67
341,17
342,36
343,23
344,1
345,10
346,20
347,18
348,4
349,11
350,12
351,11
352,2
353,60
354,63
355,2
356,7
357,4
358,11
359,6
360,13
361,36
362,17
363,11
364,12
365,13
366,25
367,12
368,37
369,72
370,1
371,32
372,27
373,37
374,41
375,23
376,5
377,15
378,6
379,23
380,150
381,19
382,35
383,16
384,40
385,17
386,102
387,47
388,25
389,2
390,2
391,15
392,15
393,10
394,7
395,40
396,103
397,15
398,43
399,52
400,14
401,2
402,62
403,18
404,14
405,8
406,17
407,20
408,1
409,24
410,16
411,10
412,21
413,22
414,62
415,18
416,1
417,8
418,23
419,22
420,24
421,19
422,103
423,11
424,30
425,44
426,20
427,31
428,20
429,7
430,34
431,7
432,47
433,15
434,193
435,4
436,10
437,70
438,27
439,6
440,14
441,16
442,84
443,66
444,44
445,62
446,38
447,4
448,11
449,4
450,12
451,14
452,13
453,27
454,41
455,5
456,7
457,18
458,16
459,1
460,9
461,7
462,42
463,15
464,34
465,25
466,42
467,21
468,2
469,40
470,27
471,30
472,16
473,9
474,1
475,7
476,1
477,35
478,51
479,17
480,13
481,17
482,2
483,20
484,13
485,8
486,16
487,7
488,27
489,14
490,18
491,1
492,8
493,10
494,13
495,33
496,27
497,79
498,23
499,0
500,2
501,4
502,2
503,3
504,28
505,18
506,16
507,9
508,7
509,10
510,9
511,302
512,11
513,1
514,4
515,1
516,1
517,29
518,1
519,23
520,21
521,10
522,17
523,2
524,21
525,50
526,13
527,11
528,20
529,12
530,14
531,51
532,37
533,19
534,5
535,23
536,34
537,25
538,47
539,12
540,25
541,31
542,145
543,28
544,1
545,18
546,59
547,22
548,15
549,7
550,23
551,1
552,11
553,10
554,24
555,18
556,79
557,11
558,9
559,2
560,25
561,21
562,19
563,14
564,25
565,11
566,22
567,4
568,14
569,27
570,1
571,9
572,23
573,25
574,23
575,19
576,41
577,2
578,1
579,56
580,12
581,21
582,18
583,27
584,50
585,61
586,16
587,1
588,35
589,12
590,38
591,18
592,23
593,5
594,1
595,11
596,22
597,16
598,22
599,16
600,5
601,14
602,6
603,18
604,23
605,36
606,26
607,5
608,11
609,15
610,23
611,3
612,5
613,54
614,16
615,17
616,67
617,13
618,6
619,19
620,29
621,5
622,22
623,22
624,6
625,34
626,89
627,1
628,10
629,5
630,15
631,18
632,27
633,21
634,16
635,18
636,1
637,52
638,19
639,17
640,73
641,14
642,11
643,16
644,34
645,1
646,244
647,20
648,8
649,26
650,12
651,13
652,3
653,87
654,13
655,47
656,29
657,48
658,16
659,10
660,10
661,20
662,18
663,18
664,18
665,13
666,17
667,1
668,37
669,36
670,8
671,14
672,22
673,16
674,27
675,32
676,7
677,52
678,8
679,11
680,7
681,12
682,7
683,27
684,10
685,13
686,110
687,17
688,12
689,22
690,14
691,22
692,57
693,2
694,28
695,24
696,24
697,15
698,19
699,29
700,4
701,3
702,2
703,11
704,24
705,39
706,53
707,21
708,23
709,6
710,33
711,58
712,26
713,4
714,49
715,20
716,35
717,4
718,71
719,59
720,140
721,24
722,28
723,21
724,1
725,11
726,19
727,17
728,18
729,16
730,33
731,8
732,30
733,7
734,1
735,148
736,328
737,22
738,18
739,1
740,58
741,51
742,17
743,27
744,34
745,161
746,15
747,4
748,14
749,26
750,68
751,11
752,82
753,24
754,51
755,17
756,23
757,39
758,16
759,95
760,15
761,39
762,2
763,29
764,31
765,15
766,25
767,65
768,23
769,16
770,12
771,35
772,34
773,45
774,163
775,15
776,8
777,5
778,12
779,17
780,21
781,2
782,10
783,47
784,42
785,22
786,30
787,9
788,10
789,14
790,6
791,14
792,9
793,1
794,46
795,68
796,36
797,35
798,23
799,19
800,102
801,22
802,5
803,51
804,20
805,10
806,14
807,26
808,29
809,61
810,42
811,20
812,42
813,29
814,8
815,11
816,12
817,101
818,77
819,32
820,39
821,16
822,18
823,7
824,37
825,6
826,34
827,6
828,14
829,15
830,61
831,23
832,100
833,1
834,1
835,27
836,21
837,10
838,13
839,16
840,149
841,14
842,20
843,228
844,34
845,21
846,92
847,43
848,42
849,91
850,38
851,97
852,19
853,7
854,1
855,34
856,44
857,19
858,1
859,21
860,2
861,6
862,24
863,18
864,15
865,16
866,47
867,23
868,28
869,22
870,15
871,4
872,33
873,20
874,26
875,8
876,23
877,17
878,32
879,14
880,26
881,29
882,30
883,35
884,29
885,37
886,11
887,21
888,17
889,31
890,46
891,15
892,64
893,62
894,23
895,54
896,5
897,21
898,12
899,19
900,40
901,120
902,9
903,17
904,10
905,21
906,41
907,4
908,11
909,5
910,14
911,5
912,7
913,29
914,14
915,14
916,1
917,7
918,7
919,16
920,14
921,35
922,15
923,17
924,17
925,14
926,19
927,44
928,9
929,55
930,25
931,19
932,5
933,29
934,2
935,9
936,9
937,12
938,21
939,35
940,40
941,1
942,27
943,124
944,25
945,44
946,1
947,16
948,15
949,8
950,10
951,68
952,66
953,32
954,1
955,7
956,93
957,6
958,13
959,16
960,13
961,42
962,5
963,15
964,4
965,6
966,5
967,26
968,21
969,10
970,6
971,24
972,19
973,23
974,28
975,3
976,11
977,6
978,9
979,1
980,18
981,15
982,8
983,26
984,70
985,23
986,65
987,18
988,41
989,1
990,89
991,7
992,27
993,23
994,57
995,5
996,1
997,21
998,30
999,77
1000,59
1001,11
1002,50
1003,1
1004,15
1005,17
1006,1
1007,26
1008,9
1009,8
1010,62
1011,20
1012,23
1013,11
1014,11
1015,8
1016,26
1017,27
1018,1
1019,15
1020,44
1021,17
1022,7
1023,16
1024,41
1025,10
1026,62
1027,31
1028,7
1029,13
1030,91
1031,24
1032,93
1033,44
1034,9
1035,2
1036,86
1037,16
1038,36
1039,24
1040,40
1041,25
1042,13
1043,11
1044,72
1045,14
1046,26
1047,5
1048,28
1049,30
1050,23
1051,35
1052,2
1053,36
1054,22
1055,7
1056,28
1057,20
1058,9
1059,20
1060,1
1061,27
1062,29
1063,83
1064,59
1065,8
1066,77
1067,7
1068,18
1069,46
1070,45
1071,27
1072,19
1073,4
1074,38
1075,1
1076,25
1077,19
1078,1
1079,10
1080,8
1081,10
1082,19
1083,50
1084,24
1085,60
1086,41
1087,31
1088,8
1089,9
1090,29
1091,23
1092,1
1093,3
1094,31
1095,13
1096,11
1097,14
1098,22
1099,13
1100,26
1101,109
1102,8
1103,20
1104,26
1105,5
1106,33
1107,13
1108,17
1109,16
1110,8
1111,19
1112,77
1113,6
1114,1
1115,1
1116,19
1117,33
1118,25
1119,36
1120,21
1121,14
1122,28
1123,1
1124,15
1125,1
1126,1
1127,5
1128,55
1129,9
1130,14
1131,20
1132,41
1133,2
1134,17
1135,27
1136,22
1137,12
1138,208
1139,52
1140,5
1141,22
1142,20
1143,4
1144,29
1145,10
1146,14
1147,9
1148,75
1149,63
1150,8
1151,20
1152,17
1153,80
1154,42
1155,29
1156,32
1157,29
1158,34
1159,10
1160,22
1161,6
1162,2
1163,21
1164,8
1165,7
1166,2
1167,56
1168,1
1169,24
1170,40
1171,52
1172,37
1173,90
1174,4
1175,1
1176,43
1177,24
1178,347
1179,6
1180,39
1181,24
1182,36
1183,73
1184,83
1185,13
1186,10
1187,19
1188,54
1189,2
1190,14
1191,9
1192,80
1193,4
1194,14
1195,5
1196,24
1197,16
1198,6
1199,59
1200,26
1201,84
1202,35
1203,10
1204,9
1205,27
1206,12
1207,20
1208,15
1209,4
1210,47
1211,21
1212,5
1213,25
1214,9
1215,12
1216,15
1217,11
1218,33
1219,10
1220,62
1221,85
1222,50
1223,16
1224,5
1225,32
1226,3
1227,9
1228,1
1229,32
1230,1
1231,137
1232,24
1233,11
1234,23
1235,20
1236,31
1237,20
1238,6
1239,35
1240,7
1241,5
1242,25
1243,64
1244,20
1245,22
1246,36
1247,18
1248,25
1249,13
1250,52
1251,2
1252,36
1253,33
1254,12
1255,7
1256,57
1257,14
1258,17
1259,49
1260,2
1261,24
1262,66
1263,19
1264,7
1265,10
1266,31
1267,28
1268,5
1269,74
1270,14
1271,25
1272,14
1273,144
1274,28
1275,56
1276,4
1277,1
1278,1
1279,59
1280,1
1281,40
1282,25
1283,16
1284,4
1285,24
1286,23
1287,4
1288,1
1289,61
1290,81
1291,39
1292,59
1293,1
1294,55
1295,6
1296,1
1297,33
1298,79
1299,15
1300,1
1301,9
1302,3
1303,20
1304,82
1305,1
1306,29
1307,37
1308,8
1309,47
1310,33
1311,4
1312,22
1313,20
1314,51
1315,22
1316,8
1317,23
1318,1
1319,14
1320,14
1321,83
1322,25
1323,7
1324,11
1325,94
1326,110
1327,29
1328,15
1329,33
1330,25
1331,40
1332,26
1333,17
1334,15
1335,20
1336,10
1337,40
1338,3
1339,26
1340,2
1341,4
1342,11
1343,21
1344,48
1345,7
1346,31
1347,11
1348,69
1349,50
1350,31
1351,25
1352,42
1353,28
1354,14
1355,14
1356,42
1357,19
1358,1
1359,60
1360,26
1361,1
1362,67
1363,28
1364,52
1365,25
1366,32
1367,45
1368,24
1369,1
1370,18
1371,1
1372,22
1373,23
1374,42
1375,22
1376,17
1377,11
1378,64
1379,5
1380,23
1381,16
1382,1
1383,33
1384,41
1385,9
1386,6
1387,45
1388,14
1389,40
1390,25
1391,2
1392,25
1393,1
1394,18
1395,69
1396,85
1397,46
1398,14
1399,7
1400,15
1401,14
1402,28
1403,10
1404,8
1405,74
1406,11
1407,2
1408,9
1409,30
1410,29
1411,10
1412,73
1413,16
1414,1
1415,34
1416,1
1417,16
1418,32
1419,15
1420,21
1421,19
1422,8
1423,4
1424,46
1425,13
1426,12
1427,16
1428,73
1429,4
1430,25
1431,16
1432,16
1433,85
1434,6
1435,20
1436,20
1437,20
1438,34
1439,1
1440,15
1441,2
1442,4
1443,29
1444,37
1445,11
1446,1
1447,1
1448,30
1449,23
1450,17
1451,153
1452,5
1453,26
1454,29
1455,29
1456,13
1457,9
1458,109
1459,21
1460,27
1461,34
1462,8
1463,20
1464,45
1465,32
1466,25
1467,19
1468,6
1469,1
1470,13
1471,2
1472,3
1473,48
1474,12
1475,4
1476,21
1477,1
1478,14
1479,12
1480,40
1481,50
1482,63
1483,1
1484,24
1485,8
1486,16
1487,34
1488,4
1489,4
1490,15
1491,36
1492,8
1493,14
1494,47
1495,8
1496,1
1497,35
1498,13
1499,10
1500,8
1501,18
1502,28
1503,1
1504,17
1505,243
1506,20
1507,16
1508,39
1509,21
1510,3
1511,32
1512,18
1513,21
1514,24
1515,3
1516,21
1517,15
1518,43
1519,5
1520,28
1521,6
1522,35
1523,20
1524,38
1525,41
1526,19
1527,5
1528,13
1529,46
1530,24
1531,14
1532,8
1533,6
1534,27
1535,32
1536,47
1537,11
1538,10
1539,28
1540,12
1541,69
1542,22
1543,9
1544,15
1545,39
1546,22
1547,16
1548,44
1549,56
1550,36
1551,40
1552,16
1553,9
1554,11
1555,9
1556,27
1557,80
1558,17
1559,1
1560,36
1561,6
1562,20
1563,15
1564,6
1565,6
1566,3
1567,13
1568,99
1569,31
1570,9
1571,11
1572,5
1573,41
1574,27
1575,124
1576,4
1577,25
1578,25
1579,14
1580,13
1581,30
1582,13
1583,14
1584,1
1585,17
1586,8
1587,36
1588,7
1589,11
1590,49
1591,20
1592,31
1593,1
1594,11
1595,26
1596,11
1597,49
1598,1
1599,15
1600,30
1601,1
1602,7
1603,32
1604,3
1605,9
1606,12
1607,35
1608,26
1609,4
1610,21
1611,11
1612,20
1613,25
1614,21
1615,33
1616,22
1617,23
1618,25
1619,3
1620,68
1621,32
1622,5
1623,37
1624,20
1625,14
1626,35
1627,29
1628,4
1629,1
1630,2
1631,13
1632,2
1633,66
1634,10
1635,4
1636,1
1637,20
1638,42
1639,1
1640,18
1641,14
1642,26
1643,14
1644,43
1645,11
1646,36
1647,32
1648,1
1649,24
1650,7
1651,1
1652,39
1653,14
1654,8
1655,78
1656,14
1657,4
1658,30
1659,18
1660,76
1661,8
1662,2
1663,25
1664,9
1665,36
1666,22
1667,20
1668,39
1669,19
1670,2
1671,12
1672,15
1673,8
1674,105
1675,19
1676,9
1677,68
1678,11
1679,1
1680,33
1681,40
1682,12
1683,19
1684,6
1685,22
1686,29
1687,26
1688,25
1689,15
1690,43
1691,17
1692,48
1693,1
1694,39
1695,25
1696,61
1697,25
1698,2
1699,237
1700,9
1701,13
1702,15
1703,1
1704,33
1705,18
1706,21
1707,23
1708,13
1709,18
1710,0
1711,140
1712,54
1713,5
1714,46
1715,8
1716,23
1717,32
1718,46
1719,8
1720,12
1721,16
1722,18
1723,49
1724,13
1725,11
1726,1
1727,236
1728,6
1729,36
1730,37
1731,10
1732,17
1733,6
1734,21
1735,1
1736,35
1737,11
1738,10
1739,6
1740,30
1741,36
1742,2
1743,12
1744,1
1745,1
1746,48
1747,29
1748,20
1749,34
1750,16
1751,9
1752,1
1753,1
1754,27
1755,15
1756,20
1757,46
1758,41
1759,23
1760,53
1761,10
1762,32
1763,1
1764,24
1765,22
1766,16
1767,16
1768,5
1769,24
1770,14
1771,35
1772,22
1773,9
1774,10
1775,22
1776,20
1777,6
1778,41
1779,16
1780,2
1781,41
1782,9
1783,33
1784,14
1785,2
1786,1
1787,72
1788,48
1789,31
1790,33
1791,8
1792,17
1793,10
1794,15
1795,14
1796,13
1797,28
1798,18
1799,6
1800,29
1801,29
1802,2
1803,10
1804,2
1805,25
1806,18
1807,2
1808,11
1809,16
1810,20
1811,28
1812,25
1813,58
1814,6
1815,25
1816,39
1817,1
1818,73
1819,24
1820,5
1821,9
1822,16
1823,9
1824,18
1825,24
1826,22
1827,4
1828,1
1829,16
1830,29
1831,11
1832,35
1833,2
1834,8
1835,12
1836,6
1837,39
1838,33
1839,11
1840,9
1841,7
1842,11
1843,7
1844,63
1845,14
1846,22
1847,59
1848,27
1849,44
1850,45
1851,7
1852,42
1853,32
1854,7
1855,60
1856,7
1857,12
1858,27
1859,37
1860,11
1861,21
1862,58
1863,32
1864,14
1865,34
1866,50
1867,27
1868,21
1869,32
1870,48
1871,16
1872,85
1873,55
1874,37
1875,2
1876,25
1877,16
1878,1
1879,42
1880,40
1881,10
1882,34
1883,22
1884,6
1885,26
1886,1
1887,1
1888,3
1889,96
1890,26
1891,3
1892,35
1893,10
1894,18
1895,28
1896,5
1897,24
1898,6
1899,55
1900,68
1901,1
1902,24
1903,43
1904,21
1905,5
1906,99
1907,22
1908,18
1909,27
1910,11
1911,23
1912,49
1913,18
1914,14
1915,20
1916,60
1917,60
1918,18
1919,19
1920,38
1921,88
1922,10
1923,55
1924,48
1925,7
1926,116
1927,73
1928,62
1929,13
1930,37
1931,2
1932,13
1933,37
1934,19
1935,15
1936,34
1937,0
1938,1
1939,13
1940,14
1941,37
1942,90
1943,69
1944,9
1945,25
1946,23
1947,10
1948,13
1949,30
1950,21
1951,21
1952,104
1953,6
1954,10
1955,15
1956,1
1957,17
1958,26
1959,11
1960,23
1961,6
1962,8
1963,31
1964,1
1965,13
1966,29
1967,33
1968,12
1969,14
1970,10
1971,12
1972,31
1973,2
1974,19
1975,1
1976,42
1977,6
1978,6
1979,5
1980,37
1981,1
1982,30
1983,4
1984,60
1985,21
1986,56
1987,8
1988,34
1989,10
1990,11
1991,14
1992,17
1993,64
1994,14
1995,6
1996,22
1997,22
1998,25
1999,157
2000,19
2001,14
2002,29
2003,1
2004,1
2005,51
2006,28
2007,33
2008,1
2009,22
2010,58
2011,104
2012,10
2013,30
2014,7
2015,35
2016,12
2017,55
2018,22
2019,30
2020,12
2021,34
2022,20
2023,6
2024,11
2025,20
2026,1
2027,4
2028,119
2029,9
2030,33
2031,111
2032,37
2033,56
2034,15
2035,16
2036,44
2037,25
2038,12
2039,63
2040,70
2041,25
2042,23
2043,19
2044,25
2045,4
2046,7
2047,2
2048,19
2049,64
2050,3
2051,25
2052,39
2053,12
2054,13
2055,1
2056,10
2057,45
2058,13
2059,66
2060,14
2061,73
2062,15
2063,8
2064,58
2065,22
2066,19
2067,48
2068,38
2069,7
2070,64
2071,1
2072,7
2073,32
2074,14
2075,1
2076,15
2077,43
2078,171
2079,22
2080,6
2081,33
2082,2
2083,13
2084,34
2085,7
2086,29
2087,13
2088,1
2089,7
2090,6
2091,43
2092,17
2093,23
2094,20
2095,1
2096,1
2097,1
2098,7
2099,2
2100,83
2101,5
2102,4
2103,37
2104,40
2105,10
2106,30
2107,20
2108,12
2109,3
2110,47
2111,3
2112,23
2113,100
2114,30
2115,21
2116,26
2117,10
2118,21
2119,34
2120,11
2121,12
2122,92
2123,20
2124,16
2125,14
2126,5
2127,50
2128,16
2129,51
2130,2
2131,42
2132,23
2133,11
2134,32
2135,20
2136,18
2137,9
2138,17
2139,68
2140,67
2141,1
2142,6
2143,9
2144,11
2145,24
2146,4
2147,274
2148,15
2149,31
2150,18
2151,5
2152,10
2153,5
2154,33
2155,18
2156,12
2157,116
2158,55
2159,37
2160,8
2161,23
2162,13
2163,14
2164,1
2165,28
2166,23
2167,13
2168,21
2169,0
2170,39
2171,5
2172,24
2173,9
2174,22
2175,15
2176,7
2177,12
2178,19
2179,12
2180,35
2181,1
2182,30
2183,1
2184,57
2185,34
2186,110
2187,38
2188,35
2189,34
2190,61
2191,22
2192,15
2193,30
2194,62
2195,12
2196,8
2197,58
2198,22
2199,14
2200,42
2201,19
2202,9
2203,2
2204,30
2205,1
2206,53
2207,27
2208,13
2209,2
2210,6
2211,19
2212,24
2213,10
2214,41
2215,1
2216,12
2217,5
2218,18
2219,43
2220,1
2221,44
2222,12
2223,10
2224,11
2225,1
2226,131
2227,1
2228,2
2229,42
2230,14
2231,5
2232,59
2233,28
2234,42
2235,26
2236,37
2237,1
2238,25
2239,13
2240,140
2241,8
2242,19
2243,81
2244,37
2245,16
2246,32
2247,1
2248,7
2249,22
2250,13
2251,24
2252,7
2253,54
2254,20
2255,52
2256,18
2257,21
2258,9
2259,19
2260,75
2261,6
2262,5
2263,40
2264,21
2265,18
2266,12
2267,58
2268,1
2269,19
2270,1
2271,17
2272,37
2273,22
2274,20
2275,23
2276,51
2277,47
2278,1
2279,24
2280,42
2281,12
2282,25
2283,14
2284,9
2285,4
2286,19
2287,23
2288,39
2289,20
2290,99
2291,3
2292,12
2293,5
2294,8
2295,2
2296,2
2297,6
2298,1
2299,10
2300,1
2301,29
2302,17
2303,82
2304,38
2305,30
2306,161
2307,3
2308,4
2309,45
2310,33
2311,47
2312,28
2313,14
2314,19
2315,5
2316,30
2317,49
2318,14
2319,11
2320,6
2321,40
2322,19
2323,11
2324,31
2325,7
2326,18
2327,7
2328,16
2329,14
2330,28
2331,35
2332,21
2333,41
2334,48
2335,12
2336,9
2337,20
2338,67
2339,1
2340,9
2341,56
2342,38
2343,29
2344,18
2345,21
2346,29
2347,27
2348,43
2349,12
2350,53
2351,11
2352,14
2353,18
2354,30
2355,1
2356,10
2357,17
2358,20
2359,34
2360,9
2361,16
2362,10
2363,23
2364,5
2365,144
2366,21
2367,31
2368,30
2369,105
2370,10
2371,22
2372,8
2373,174
2374,17
2375,16
2376,3
2377,46
2378,24
2379,30
2380,117
2381,22
2382,11
2383,31
2384,10
2385,25
2386,5
2387,11
2388,1
2389,35
2390,26
2391,29
2392,25
2393,2
2394,16
2395,29
2396,17
2397,31
2398,31
2399,30
2400,23
2401,1
2402,25
2403,90
2404,42
2405,40
2406,40
2407,21
2408,15
2409,19
2410,32
2411,25
2412,146
2413,6
2414,1
2415,47
2416,29
2417,4
2418,35
2419,13
2420,20
2421,14
2422,47
2423,6
2424,7
2425,12
2426,15
2427,1
2428,12
2429,21
2430,23
2431,6
2432,28
2433,16
2434,19
2435,97
2436,20
2437,29
2438,26
2439,15
2440,6
2441,12
2442,22
2443,110
2444,26
2445,28
2446,16
2447,1
2448,2
2449,22
2450,2
2451,23
2452,1
2453,25
2454,45
2455,17
2456,17
2457,6
2458,11
2459,59
2460,40
2461,18
2462,7
2463,15
2464,24
2465,33
2466,28
2467,16
2468,17
2469,45
2470,30
2471,17
2472,1
2473,13
2474,21
2475,19
2476,52
2477,132
2478,7
2479,8
2480,8
2481,9
2482,22
2483,32
2484,29
2485,16
2486,3
2487,11
2488,11
2489,33
2490,14
2491,39
2492,79
2493,27
2494,30
2495,3
2496,5
2497,10
2498,17
2499,16
2500,9
2501,157
2502,16
2503,1
2504,42
2505,39
2506,28
2507,19
2508,37
2509,1
2510,30
2511,68
2512,27
2513,22
2514,62
2515,14
2516,22
2517,2
2518,32
2519,54
2520,13
2521,17
2522,45
2523,28
2524,15
2525,11
2526,17
2527,36
2528,8
2529,64
2530,48
2531,17
2532,7
2533,11
2534,31
2535,48
2536,24
2537,16
2538,1
2539,8
2540,4
2541,71
2542,12
2543,16
2544,39
2545,29
2546,24
2547,112
2548,26
2549,18
2550,1
2551,17
2552,62
2553,13
2554,28
2555,15
2556,26
2557,27
2558,10
2559,17
2560,32
2561,37
2562,7
2563,19
2564,10
2565,25
2566,12
2567,43
2568,7
2569,30
2570,29
2571,5
2572,12
2573,22
2574,4
2575,28
2576,2
2577,15
2578,12
2579,16
2580,23
2581,14
2582,9
2583,31
2584,15
2585,19
2586,1
2587,4
2588,53
2589,3
2590,34
2591,72
2592,48
2593,56
2594,15
2595,103
2596,14
2597,1
2598,5
2599,74
2600,1
2601,95
2602,10
2603,8
2604,5
2605,52
2606,12
2607,1
2608,2
2609,78
2610,28
2611,18
2612,8
2613,18
2614,73
2615,82
2616,108
2617,17
2618,18
2619,39
2620,22
2621,17
2622,11
2623,14
2624,26
2625,34
2626,15
2627,16
2628,6
2629,8
2630,17
2631,10
2632,11
2633,22
2634,14
2635,58
2636,20
2637,35
2638,42
2639,6
2640,81
2641,24
2642,64
2643,49
2644,5
2645,18
2646,36
2647,23
2648,12
2649,67
2650,4
2651,14
2652,29
2653,4
2654,37
2655,33
2656,17
2657,41
2658,10
2659,72
2660,33
2661,17
2662,6
2663,18
2664,188
2665,10
2666,8
2667,16
2668,10
2669,13
2670,36
2671,68
2672,16
2673,2
2674,49
2675,17
2676,64
2677,70
2678,4
2679,21
2680,4
2681,14
2682,18
2683,50
2684,87
2685,3
2686,24
2687,23
2688,66
2689,13
2690,36
2691,106
2692,36
2693,1
2694,29
2695,31
2696,25
2697,31
2698,73
2699,8
2700,30
2701,64
2702,10
2703,30
2704,223
2705,46
2706,13
2707,14
2708,9
2709,10
2710,39
2711,34
2712,7
2713,16
2714,11
2715,9
2716,33
2717,11
2718,108
2719,15
2720,5
2721,5
2722,36
2723,23
2724,31
2725,1
2726,34
2727,11
2728,15
2729,28
2730,20
2731,20
2732,31
2733,292
2734,11
2735,20
2736,19
2737,5
2738,19
2739,6
2740,24
2741,23
2742,47
2743,16
2744,17
2745,14
2746,2
2747,12
2748,54
2749,24
2750,17
2751,20
2752,34
2753,27
2754,16
2755,16
2756,30
2757,4
2758,3
2759,23
2760,110
2761,15
2762,49
2763,20
2764,15
2765,52
2766,24
2767,39
2768,8
2769,8
2770,17
2771,51
2772,13
2773,30
2774,16
2775,27
2776,22
2777,7
2778,70
2779,21
2780,6
2781,22
2782,48
2783,32
2784,23
2785,7
2786,37
2787,21
2788,7
2789,93
2790,19
2791,11
2792,20
2793,81
2794,5
2795,32
2796,5
2797,10
2798,16
2799,18
2800,12
2801,30
2802,30
2803,4
2804,27
2805,32
2806,16
2807,2
2808,17
2809,46
2810,4
2811,33
2812,18
2813,14
2814,6
2815,10
2816,20
2817,36
2818,26
2819,10
2820,16
2821,48
2822,36
2823,44
2824,23
2825,2
2826,68
2827,30
2828,5
2829,93
2830,32
2831,291
2832,47
2833,11
2834,3
2835,53
2836,12
2837,3
2838,8
2839,36
2840,9
2841,1
2842,12
2843,111
2844,71
2845,11
2846,2
2847,20
2848,31
2849,13
2850,1
2851,5
2852,16
2853,13
2854,22
2855,30
2856,5
2857,1
2858,58
2859,35
2860,37
2861,22
2862,16
2863,28
2864,135
2865,26
2866,47
2867,50
2868,17
2869,14
2870,1
2871,15
2872,24
2873,3
2874,25
2875,45
2876,7
2877,46
2878,53
2879,9
2880,21
2881,47
2882,41
2883,64
2884,20
2885,1
2886,14
2887,1
2888,28
2889,29
2890,11
2891,11
2892,30
2893,1
2894,6
2895,138
2896,21
2897,8
2898,31
2899,24
2900,5
2901,10
2902,444
2903,9
2904,33
2905,13
2906,59
2907,53
2908,40
2909,40
2910,6
2911,34
2912,95
2913,14
2914,43
2915,39
2916,40
2917,49
2918,1
2919,20
2920,30
2921,82
2922,14
2923,43
2924,19
2925,27
2926,49
2927,1
2928,16
2929,8
2930,27
2931,4
2932,44
2933,1
2934,45
2935,59
2936,71
2937,15
2938,25
2939,13
2940,2
2941,1
2942,60
2943,21
2944,34
2945,29
2946,84
2947,16
2948,22
2949,50
2950,12
2951,24
2952,1
2953,2
2954,33
2955,135
2956,10
2957,16
2958,14
2959,34
2960,1
2961,26
2962,25
2963,36
2964,40
2965,3
2966,10
2967,30
2968,11
2969,14
2970,3
2971,9
2972,1
2973,23
2974,21
2975,13
2976,9
2977,2
2978,9
2979,62
2980,44
2981,24
2982,30
2983,7
2984,35
2985,32
2986,34
2987,22
2988,10
2989,31
2990,7
2991,15
2992,8
2993,23
2994,25
2995,5
2996,7
2997,13
2998,24
2999,37
3000,39
3001,9
3002,32
3003,16
3004,2
3005,16
3006,26
3007,109
3008,29
3009,25
3010,89
3011,79
3012,73
3013,20
3014,28
3015,9
3016,112
3017,47
3018,26
3019,22
3020,11
3021,34
3022,91
3023,20
3024,19
3025,46
3026,10
3027,82
3028,17
3029,12
3030,31
3031,6
3032,17
3033,1
3034,19
3035,28
3036,28
3037,18
3038,11
3039,57
3040,1
3041,32
3042,31
3043,10
3044,8
3045,27
3046,25
3047,35
3048,15
3049,6
3050,22
3051,12
3052,5
3053,11
3054,18
3055,131
3056,12
3057,89
3058,1
3059,35
3060,7
3061,15
3062,9
3063,9
3064,44
3065,1
3066,87
3067,44
3068,4
3069,24
3070,14
3071,15
3072,6
3073,72
3074,9
3075,34
3076,44
3077,71
3078,21
3079,44
3080,7
3081,15
3082,39
3083,23
3084,12
3085,69
3086,52
3087,10
3088,8
3089,4
3090,12
3091,51
3092,35
3093,28
3094,12
3095,29
3096,25
3097,1
3098,31
3099,38
3100,5
3101,9
3102,31
3103,7
3104,28
3105,64
3106,19
3107,19
3108,66
3109,39
3110,9
3111,16
3112,36
3113,29
3114,7
3115,4
3116,32
3117,6
3118,5
3119,11
3120,1
3121,7
3122,25
3123,22
3124,24
3125,29
3126,13
3127,18
3128,55
3129,67
3130,19
3131,20
3132,20
3133,31
3134,1
3135,22
3136,52
3137,19
3138,34
3139,17
3140,8
3141,12
3142,12
3143,155
3144,32
3145,73
3146,17
3147,13
3148,74
3149,26
3150,1
3151,10
3152,9
3153,22
3154,23
3155,14
3156,1
3157,17
3158,29
3159,10
3160,34
3161,1
3162,18
3163,72
3164,33
3165,10
3166,161
3167,38
3168,1
3169,37
3170,25
3171,63
3172,28
3173,6
3174,32
3175,80
3176,16
3177,5
3178,17
3179,20
3180,2
3181,55
3182,48
3183,12
3184,42
3185,43
3186,2
3187,46
3188,43
3189,46
3190,3
3191,7
3192,27
3193,98
3194,87
3195,1
3196,1
3197,15
3198,18
3199,39
3200,12
3201,8
3202,15
3203,183
3204,2
3205,22
3206,18
3207,2
3208,1
3209,245
3210,21
3211,14
3212,21
3213,1
3214,5
3215,15
3216,26
3217,18
3218,1
3219,17
3220,1
3221,3
3222,11
3223,2
3224,43
3225,1
3226,9
3227,6
3228,11
3229,56
3230,33
3231,57
3232,1
3233,9
3234,4
3235,63
3236,89
3237,1
3238,19
3239,26
3240,114
3241,33
3242,76
3243,3
3244,15
3245,13
3246,24
3247,3
3248,82
3249,64
3250,1
3251,28
3252,20
3253,41
3254,59
3255,28
3256,13
3257,1
3258,14
3259,37
3260,17
3261,19
3262,9
3263,4
3264,36
3265,29
3266,1
3267,1
3268,14
3269,11
3270,12
3271,24
3272,19
3273,20
3274,29
3275,14
3276,14
3277,14
3278,10
3279,45
3280,16
3281,21
3282,7
3283,1
3284,21
3285,30
3286,26
3287,33
3288,7
3289,18
3290,18
3291,128
3292,15
3293,25
3294,2
3295,54
3296,31
3297,21
3298,23
3299,10
3300,5
3301,1
3302,14
3303,3
3304,23
3305,25
3306,17
3307,10
3308,98
3309,11
3310,44
3311,20
3312,2
3313,142
3314,21
3315,24
3316,5
3317,64
3318,40
3319,8
3320,39
3321,11
3322,1
3323,10
3324,11
3325,1
3326,14
3327,9
3328,11
3329,11
3330,43
3331,31
3332,15
3333,14
3334,32
3335,25
3336,36
3337,39
3338,24
3339,18
3340,0
3341,7
3342,21
3343,113
3344,21
3345,10
3346,20
3347,5
3348,14
3349,43
3350,15
3351,40
3352,7
3353,18
3354,7
3355,32
3356,32
3357,13
3358,31
3359,36
3360,7
3361,2
3362,50
3363,2
3364,17
3365,13
3366,62
3367,1
3368,56
3369,77
3370,59
3371,18
3372,5
3373,6
3374,19
3375,20
3376,16
3377,7
3378,5
3379,160
3380,9
3381,13
3382,92
3383,33
3384,42
3385,17
3386,6
3387,16
3388,30
3389,6
3390,21
3391,31
3392,18
3393,31
3394,9
3395,70
3396,5
3397,22
3398,7
3399,158
3400,6
3401,14
3402,1
3403,48
3404,1
3405,46
3406,10
3407,32
3408,21
3409,27
3410,20
3411,21
3412,3
3413,14
3414,43
3415,24
3416,27
3417,35
3418,49
3419,27
3420,2
3421,1
3422,6
3423,22
3424,19
3425,4
3426,22
3427,20
3428,33
3429,27
3430,41
3431,46
3432,1
3433,15
3434,39
3435,30
3436,33
3437,9
3438,43
3439,78
3440,24
3441,70
3442,11
3443,34
3444,4
3445,31
3446,1
3447,4
3448,31
3449,40
3450,17
3451,24
3452,23
3453,24
3454,50
3455,17
3456,18
3457,26
3458,15
3459,34
3460,24
3461,5
3462,37
3463,19
3464,14
3465,27
3466,6
3467,64
3468,37
3469,27
3470,1
3471,45
3472,16
3473,61
3474,66
3475,7
3476,10
3477,7
3478,31
3479,4
3480,21
3481,2
3482,94
3483,14
3484,21
3485,37
3486,18
3487,5
3488,17
3489,4
3490,13
3491,1
3492,20
3493,41
3494,10
3495,50
3496,19
3497,22
3498,63
3499,72
3500,1
3501,31
3502,22
3503,95
3504,2
3505,22
3506,15
3507,9
3508,52
3509,24
3510,19
3511,20
3512,50
3513,15
3514,31
